epoch,time,train/box_loss,train/cls_loss,train/l1_loss,metrics/precision(B),metrics/recall(B),metrics/mAP50(B),metrics/mAP50-95(B),val/box_loss,val/cls_loss,val/l1_loss,lr/pg0,lr/pg1,lr/pg2
1,57.6819,1.56632,2.54898,0.02891,0.32337,0.3786,0.2703,0.09401,2.36167,2.53986,0.06528,0.000660377,0.000660377,0.000660377
2,111.561,1.8175,2.15989,0.03497,0.39573,0.39256,0.30548,0.09361,2.2646,2.69986,0.06519,0.00130077,0.00130077,0.00130077
3,164.844,1.83302,2.16214,0.03519,0.36972,0.38419,0.29844,0.09671,2.50017,2.30885,0.07246,0.00191476,0.00191476,0.00191476
4,218.218,1.81554,2.10528,0.03525,0.3271,0.33553,0.26767,0.09265,2.22968,3.0152,0.06008,0.0018812,0.0018812,0.0018812
5,271.529,1.77824,2.03107,0.03432,0.32801,0.35907,0.25742,0.09007,2.30877,2.77951,0.06232,0.0018416,0.0018416,0.0018416
6,324.857,1.70519,1.95592,0.03265,0.46831,0.46512,0.43928,0.17649,1.98783,2.14437,0.05358,0.001802,0.001802,0.001802
7,377.35,1.66361,1.83373,0.03146,0.53824,0.49444,0.51221,0.22184,1.89347,1.83244,0.05027,0.0017624,0.0017624,0.0017624
8,429.642,1.67443,1.74374,0.03199,0.57651,0.50233,0.51686,0.20826,2.08546,1.82283,0.05724,0.0017228,0.0017228,0.0017228
9,482.051,1.67881,1.75657,0.03204,0.55984,0.5507,0.55405,0.25528,1.87086,1.81895,0.05029,0.0016832,0.0016832,0.0016832
10,539.219,1.6386,1.77305,0.03013,0.62193,0.54791,0.57173,0.27069,1.88149,1.7753,0.05205,0.0016436,0.0016436,0.0016436
11,594.133,1.59382,1.65363,0.03008,0.51087,0.3907,0.42311,0.18421,2.06836,2.37279,0.05631,0.001604,0.001604,0.001604
12,646.429,1.60577,1.67397,0.02974,0.67232,0.52487,0.58253,0.28716,1.82345,1.73611,0.04886,0.0015644,0.0015644,0.0015644
13,699.564,1.5761,1.63317,0.03018,0.65308,0.57209,0.6037,0.30402,1.74698,1.65616,0.04581,0.0015248,0.0015248,0.0015248
14,755.695,1.5456,1.62482,0.0284,0.6831,0.56948,0.62162,0.30913,1.78383,1.60962,0.04706,0.0014852,0.0014852,0.0014852
15,810.745,1.54699,1.56194,0.02812,0.66778,0.57395,0.63762,0.31076,1.80146,1.57722,0.04792,0.0014456,0.0014456,0.0014456
16,864.715,1.52449,1.53873,0.0284,0.70905,0.5907,0.63876,0.32647,1.70942,1.64073,0.04492,0.001406,0.001406,0.001406
17,917.551,1.48369,1.51091,0.02735,0.76974,0.58047,0.67568,0.34337,1.74602,1.45885,0.04583,0.0013664,0.0013664,0.0013664
18,970.784,1.4813,1.46583,0.02761,0.75154,0.64093,0.7025,0.38278,1.63535,1.40021,0.04258,0.0013268,0.0013268,0.0013268
19,1023.97,1.48898,1.46062,0.0272,0.71693,0.54233,0.62646,0.31882,1.70663,1.52667,0.04533,0.0012872,0.0012872,0.0012872
20,1077.04,1.4684,1.41643,0.02649,0.74753,0.5839,0.67296,0.35139,1.67413,1.50204,0.04286,0.0012476,0.0012476,0.0012476
21,1130.12,1.44184,1.39083,0.02661,0.63358,0.57261,0.62812,0.32356,1.68639,1.54697,0.04353,0.001208,0.001208,0.001208
22,1183.26,1.4421,1.44046,0.02609,0.6422,0.59605,0.62747,0.31032,1.79142,1.46015,0.04647,0.0011684,0.0011684,0.0011684
23,1236.78,1.42686,1.39725,0.02601,0.76014,0.59163,0.67234,0.37124,1.64585,1.40937,0.04234,0.0011288,0.0011288,0.0011288
24,1289.75,1.40337,1.35649,0.02513,0.77162,0.60031,0.68581,0.37786,1.62689,1.41146,0.04175,0.0010892,0.0010892,0.0010892
25,1342.88,1.39244,1.27764,0.02545,0.7529,0.63442,0.69908,0.37637,1.64891,1.37387,0.04227,0.0010496,0.0010496,0.0010496
26,1396.11,1.40889,1.31797,0.02515,0.77549,0.63942,0.71173,0.40004,1.58335,1.32467,0.04023,0.00101,0.00101,0.00101
27,1449.42,1.40494,1.2973,0.02494,0.70653,0.62709,0.69129,0.37285,1.65303,1.34048,0.04256,0.0009704,0.0009704,0.0009704
28,1502.58,1.36864,1.24585,0.02472,0.76431,0.65762,0.72097,0.40789,1.57217,1.30185,0.03992,0.0009308,0.0009308,0.0009308
29,1555.87,1.36206,1.24247,0.02411,0.7756,0.65767,0.73019,0.408,1.60157,1.26662,0.04146,0.0008912,0.0008912,0.0008912
30,1609.19,1.35266,1.2484,0.02467,0.78558,0.65209,0.73311,0.42282,1.52779,1.26779,0.0383,0.0008516,0.0008516,0.0008516
31,1662.46,1.35397,1.21465,0.0242,0.81632,0.65209,0.75525,0.41875,1.5961,1.21351,0.04027,0.000812,0.000812,0.000812
32,1715.67,1.31339,1.1541,0.02342,0.78664,0.6586,0.74367,0.43076,1.52505,1.20857,0.03847,0.0007724,0.0007724,0.0007724
33,1768.25,1.31972,1.15272,0.0237,0.76159,0.68941,0.75552,0.43278,1.53279,1.20606,0.03842,0.0007328,0.0007328,0.0007328
34,1821.61,1.30527,1.14932,0.02276,0.82084,0.64782,0.75285,0.43907,1.52562,1.20201,0.03823,0.0006932,0.0006932,0.0006932
35,1874.82,1.30216,1.10357,0.0232,0.82062,0.66698,0.75108,0.43302,1.54925,1.21474,0.03874,0.0006536,0.0006536,0.0006536
36,1927.83,1.28497,1.08359,0.02304,0.82549,0.67766,0.76225,0.44218,1.54312,1.12456,0.03867,0.000614,0.000614,0.000614
37,1981.06,1.2925,1.08954,0.02278,0.82551,0.70326,0.78322,0.46234,1.49962,1.09581,0.03782,0.0005744,0.0005744,0.0005744
38,2034.38,1.23279,1.08406,0.02223,0.81108,0.67814,0.75249,0.43898,1.51105,1.21138,0.03782,0.0005348,0.0005348,0.0005348
39,2087.86,1.24074,1.0758,0.02234,0.82339,0.69674,0.76623,0.44923,1.48554,1.18238,0.03709,0.0004952,0.0004952,0.0004952
40,2140.51,1.23286,1.08575,0.02173,0.84846,0.67186,0.76815,0.45139,1.49758,1.11727,0.03721,0.0004556,0.0004556,0.0004556
41,2194.5,1.25012,0.79822,0.03071,0.81259,0.6776,0.75392,0.44854,1.48697,1.18212,0.03708,0.000416,0.000416,0.000416
42,2247.37,1.20615,0.69535,0.02893,0.87033,0.66185,0.77053,0.45765,1.48733,1.09443,0.03702,0.0003764,0.0003764,0.0003764
43,2300.2,1.1687,0.69387,0.02776,0.83733,0.68837,0.76252,0.44622,1.52512,1.14033,0.03764,0.0003368,0.0003368,0.0003368
44,2353.08,1.17715,0.6674,0.02789,0.81088,0.72372,0.77919,0.45988,1.47945,1.09835,0.03681,0.0002972,0.0002972,0.0002972
45,2405.98,1.15394,0.68935,0.02736,0.85647,0.68277,0.77233,0.4658,1.456,1.12306,0.03586,0.0002576,0.0002576,0.0002576
46,2459.1,1.12735,0.64746,0.02633,0.85057,0.68836,0.77676,0.46734,1.46124,1.10637,0.03598,0.000218,0.000218,0.000218
47,2512.08,1.11708,0.63091,0.02602,0.86585,0.68443,0.78456,0.47218,1.45584,1.0909,0.03594,0.0001784,0.0001784,0.0001784
48,2565.14,1.11546,0.59974,0.0262,0.85329,0.69023,0.77424,0.46884,1.4513,1.10454,0.03563,0.0001388,0.0001388,0.0001388
49,2618.02,1.0928,0.58863,0.02554,0.86861,0.68186,0.77549,0.46766,1.4469,1.09972,0.03566,9.92e-05,9.92e-05,9.92e-05
50,2671.65,1.08634,0.59164,0.02605,0.87243,0.6893,0.77815,0.47123,1.44143,1.1141,0.03526,5.96e-05,5.96e-05,5.96e-05
