epoch,time,train/box_loss,train/pose_loss,train/kobj_loss,train/cls_loss,train/dfl_loss,metrics/precision(B),metrics/recall(B),metrics/mAP50(B),metrics/mAP50-95(B),metrics/precision(P),metrics/recall(P),metrics/mAP50(P),metrics/mAP50-95(P),val/box_loss,val/pose_loss,val/kobj_loss,val/cls_loss,val/dfl_loss,lr/pg0,lr/pg1,lr/pg2
1,8.83703,1.60713,2.42415,0.69965,4.09451,1.79947,0.28563,0.03939,0.12585,0.08881,0.31042,0.06212,0.1542,0.04045,1.15625,2.58497,0.69689,3.67938,1.28672,0.000208333,0.000208333,0.000208333
2,12.9752,1.5591,2.43728,0.69279,4.1285,1.76674,0.2836,0.03939,0.12847,0.08939,0.30824,0.06212,0.15632,0.03988,1.15376,2.58629,0.69701,3.70118,1.29444,0.000618813,0.000618813,0.000618813
3,17.096,1.66037,2.40294,0.69343,4.1471,1.83727,0.28327,0.03939,0.12853,0.08885,0.30841,0.06212,0.15884,0.04078,1.15331,2.59599,0.69677,3.7102,1.29724,0.00102104,0.00102104,0.00102104
4,21.1997,1.50195,2.27746,0.69656,4.05233,1.70004,0.26503,0.06212,0.01361,0.00382,0.32233,0.35909,0.14671,0.04148,2.88408,2.83196,0.67598,9.26441,3.41069,0.00121287,0.00121287,0.00121287
5,25.5814,2.10835,2.3012,0.7153,4.01368,2.13582,0.28746,0.18333,0.06026,0.01342,0.56182,0.21667,0.15431,0.04815,2.04474,2.49199,0.68831,16.1565,2.75536,0.0012005,0.0012005,0.0012005
6,29.8774,2.09832,2.21635,0.70904,3.92543,2.15315,0.31343,0.36212,0.08267,0.02586,0.59684,0.31667,0.18454,0.05574,2.11055,2.43596,0.66569,10.5403,2.64373,0.00118812,0.00118812,0.00118812
7,34.1966,1.72052,2.17696,0.65198,3.37999,1.67918,0.0843,0.15,0.0579,0.0088,0.19037,0.29773,0.1669,0.04823,2.49024,2.44956,0.62966,12.7988,3.94641,0.00117575,0.00117575,0.00117575
8,38.482,1.38142,2.03686,0.60967,2.94993,1.47469,0.03144,0.31439,0.05243,0.01404,0.06772,0.58712,0.10761,0.03961,2.83809,2.50902,0.57895,29.4117,5.76406,0.00116337,0.00116337,0.00116337
9,42.7774,1.17973,1.90832,0.6057,2.50917,1.30163,0.0507,0.29773,0.03056,0.006,0.0679,0.53939,0.09576,0.02537,3.24339,2.50954,0.47493,303.335,8.27708,0.001151,0.001151,0.001151
10,47.073,1.15501,1.84398,0.56404,2.30102,1.28756,0.00763,0.25833,0.02049,0.00474,0.01881,0.79091,0.04571,0.01235,3.01063,2.52945,0.44071,381.72,7.16038,0.00113863,0.00113863,0.00113863
11,51.3402,1.08944,1.77707,0.57136,2.18511,1.2499,0.0044,0.20833,0.00478,0.00111,0.01329,0.45,0.01507,0.0055,3.65356,2.57697,0.44207,450.816,9.02209,0.00112625,0.00112625,0.00112625
12,55.6328,1.02015,1.64048,0.58675,2.11606,1.19416,0.00286,0.30833,0.00311,0.00086,0.00805,0.55379,0.01228,0.0034,3.39317,3.6939,0.296,1025.25,8.86008,0.00111388,0.00111388,0.00111388
13,59.9379,1.04637,1.56876,0.56374,2.02666,1.19672,0.00923,0.46667,0.01129,0.00356,0.00634,0.4,0.00728,0.00221,3.1819,6.92407,0.17957,619.929,12.3228,0.0011015,0.0011015,0.0011015
14,64.2401,1.00314,1.53975,0.56626,1.88132,1.16071,0.01643,0.4,0.01731,0.00639,0.01026,0.69015,0.01177,0.00373,3.41099,7.95952,0.14404,534.15,15.2609,0.00108913,0.00108913,0.00108913
15,68.5613,0.98589,1.45392,0.56523,1.8932,1.15929,0.27471,0.13333,0.03721,0.00529,0.01126,0.72121,0.00995,0.00272,3.985,7.9945,0.14635,756.554,12.4357,0.00107675,0.00107675,0.00107675
16,72.8695,0.98043,1.41109,0.54373,1.82389,1.13,0.04879,0.175,0.01397,0.00269,0.0084,0.46212,0.00539,0.00122,3.75054,9.85077,0.05599,317.103,10.9847,0.00106437,0.00106437,0.00106437
17,77.1669,0.97501,1.28451,0.54916,1.79869,1.14334,0.02241,0.18333,0.03964,0.01223,0.00635,0.42879,0.00686,0.00144,2.75962,11.1487,0.00226,76.7869,11.0598,0.001052,0.001052,0.001052
18,81.4743,0.9441,1.26643,0.50075,1.72035,1.11792,0.05731,0.20833,0.04467,0.01782,0.00785,0.20833,0.00674,0.00193,2.22911,10.237,0.00379,56.2564,5.1959,0.00103962,0.00103962,0.00103962
19,85.7501,0.95891,1.17458,0.52952,1.66394,1.12132,0.05461,0.20833,0.04883,0.01975,0.01079,0.20833,0.00819,0.00187,2.2868,8.91295,0.00457,55.6209,4.94765,0.00102725,0.00102725,0.00102725
20,90.0406,0.90241,1.08881,0.50894,1.6352,1.10692,0.01211,0.14167,0.01148,0.00339,0.00876,0.14167,0.01036,0.00217,3.27403,6.5187,0.05426,43.7268,5.9424,0.00101488,0.00101488,0.00101488
21,94.3338,0.85942,1.05033,0.49583,1.5625,1.06837,0.01028,0.03333,0.00344,0.00079,0.01943,0.11667,0.01347,0.00438,3.51119,4.9985,0.13314,15.8613,6.27045,0.0010025,0.0010025,0.0010025
22,98.6367,0.89007,1.00937,0.50792,1.53265,1.0888,0.03003,0.09167,0.01084,0.00353,0.02597,0.125,0.02502,0.01048,3.71268,5.05935,0.12413,13.2576,7.33101,0.000990125,0.000990125,0.000990125
23,102.921,0.89538,0.94972,0.49113,1.45813,1.09986,0.31329,0.21667,0.05898,0.02431,0.01876,0.3,0.03877,0.01385,2.12085,5.72097,0.07745,10.2805,2.89969,0.00097775,0.00097775,0.00097775
24,107.204,0.92014,0.93259,0.49573,1.42479,1.11761,0.38452,0.38333,0.14048,0.07966,0.29868,0.21667,0.0438,0.01643,1.44766,5.12066,0.10108,9.19985,1.8907,0.000965375,0.000965375,0.000965375
25,111.485,0.86899,0.87107,0.49975,1.38293,1.06906,0.39461,0.40833,0.17909,0.10657,0.05737,0.31667,0.05536,0.02107,1.42414,4.16107,0.10879,7.35383,1.72325,0.000953,0.000953,0.000953
26,115.736,0.89039,0.78685,0.4955,1.30708,1.07937,0.17161,0.56184,0.23507,0.13899,0.08318,0.31667,0.08892,0.03132,1.19526,3.76111,0.09829,6.33445,1.48189,0.000940625,0.000940625,0.000940625
27,120.04,0.88161,0.75148,0.48228,1.30762,1.08929,0.47445,0.48182,0.30588,0.20643,0.0931,0.47879,0.103,0.02499,1.10394,3.95591,0.07564,6.95388,1.41277,0.00092825,0.00092825,0.00092825
28,124.364,0.89014,0.74589,0.4677,1.22775,1.048,0.21678,0.59545,0.27688,0.19299,0.13133,0.50152,0.1652,0.04521,1.10536,3.43383,0.06851,6.55637,1.34961,0.000915875,0.000915875,0.000915875
29,128.656,0.78899,0.66006,0.46161,1.1881,1.01863,0.48622,0.55,0.29064,0.19923,0.48137,0.525,0.25943,0.08873,1.01884,2.63622,0.07291,8.85632,1.33683,0.0009035,0.0009035,0.0009035
30,132.976,0.8525,0.58433,0.48022,1.20272,1.08234,0.52518,0.575,0.34531,0.24914,0.54325,0.375,0.32962,0.15202,0.95104,2.05078,0.07694,10.1353,1.31099,0.000891125,0.000891125,0.000891125
31,137.292,0.87764,0.55572,0.45179,1.15478,1.0572,0.24296,0.60833,0.39157,0.28892,0.23418,0.59167,0.38019,0.16661,0.89574,1.95199,0.08372,7.4613,1.15715,0.00087875,0.00087875,0.00087875
32,141.607,0.81027,0.52317,0.4647,1.12337,1.02628,0.48182,0.60992,0.36981,0.27339,0.26378,0.67273,0.38141,0.19023,0.96716,1.65953,0.08002,4.51263,1.16697,0.000866375,0.000866375,0.000866375
33,145.935,0.80199,0.46359,0.4459,1.05079,1.01252,0.4097,0.67309,0.48571,0.37107,0.39939,0.65653,0.47732,0.17207,0.87213,1.96314,0.05441,3.08611,1.13826,0.000854,0.000854,0.000854
34,150.253,0.81324,0.45272,0.43426,1.06374,1.02763,0.39002,0.77094,0.59938,0.4561,0.4051,0.777,0.60861,0.26316,0.87394,1.76048,0.05403,2.85611,1.10325,0.000841625,0.000841625,0.000841625
35,154.591,0.81037,0.45768,0.426,0.98601,1.03578,0.33266,0.67197,0.54522,0.38078,0.3725,0.67514,0.5953,0.35147,0.91256,1.18122,0.06482,3.39357,1.13271,0.00082925,0.00082925,0.00082925
36,158.899,0.81083,0.43429,0.44622,0.98041,1.05364,0.49043,0.69697,0.67489,0.46463,0.53246,0.7197,0.70955,0.47541,0.86805,0.98523,0.06015,2.76492,1.0924,0.000816875,0.000816875,0.000816875
37,163.211,0.78026,0.42815,0.41167,0.88621,1.00808,0.55216,0.71212,0.68329,0.51099,0.4709,0.8197,0.70257,0.41356,0.84324,1.28045,0.0557,2.40991,1.07298,0.0008045,0.0008045,0.0008045
38,167.488,0.76448,0.39007,0.41754,0.89084,1.01711,0.54538,0.76591,0.72147,0.50797,0.59344,0.80878,0.7827,0.41285,0.82342,1.29752,0.0443,2.20805,1.03525,0.000792125,0.000792125,0.000792125
39,171.766,0.78077,0.33518,0.4116,0.87022,1.00883,0.50295,0.83409,0.72223,0.51656,0.5446,0.87955,0.78888,0.46625,0.90764,1.15649,0.04671,1.95046,1.12936,0.00077975,0.00077975,0.00077975
40,176.076,0.77029,0.28389,0.40042,0.8986,1.01241,0.5438,0.71991,0.6242,0.4511,0.57547,0.75819,0.66909,0.46083,0.97683,0.86164,0.05206,1.8525,1.18021,0.000767375,0.000767375,0.000767375
41,180.371,0.7378,0.2938,0.39647,0.86703,0.99015,0.52103,0.77499,0.66154,0.49011,0.55324,0.82171,0.69868,0.51737,0.87358,0.78126,0.04786,1.56777,1.08871,0.000755,0.000755,0.000755
42,184.672,0.78105,0.28403,0.4417,0.88664,1.02626,0.5873,0.87479,0.73696,0.57795,0.60931,0.88271,0.76044,0.54246,0.7918,0.82777,0.05647,1.40003,1.02454,0.000742625,0.000742625,0.000742625
43,188.96,0.71138,0.26654,0.3842,0.79259,0.96849,0.60664,0.73864,0.7198,0.56534,0.63643,0.76136,0.74964,0.52485,0.81124,0.90043,0.05013,1.39896,1.01885,0.00073025,0.00073025,0.00073025
44,193.242,0.72252,0.25336,0.37397,0.75976,0.97585,0.26603,0.7259,0.47371,0.3403,0.30237,0.80909,0.51654,0.33584,0.9603,1.05102,0.04841,2.27885,1.11997,0.000717875,0.000717875,0.000717875
45,197.51,0.75859,0.22124,0.42769,0.88958,0.98507,0.70493,0.73114,0.73199,0.52117,0.58667,0.88266,0.76399,0.61732,1.01651,0.63373,0.05167,1.24211,1.18157,0.0007055,0.0007055,0.0007055
46,201.816,0.71464,0.2382,0.39665,0.75775,0.96765,0.75747,0.88566,0.89929,0.70151,0.77701,0.9065,0.93822,0.80458,0.81408,0.48112,0.05483,0.92805,1.01482,0.000693125,0.000693125,0.000693125
47,206.113,0.72368,0.22532,0.38445,0.78513,0.97754,0.85227,0.86957,0.95413,0.71805,0.85227,0.86957,0.95413,0.77975,0.87809,0.53528,0.06147,1.01265,1.05714,0.00068075,0.00068075,0.00068075
48,210.387,0.74396,0.23633,0.4248,0.81032,0.99248,0.41692,0.80061,0.67659,0.50668,0.54377,0.64869,0.69565,0.47597,0.81825,1.01433,0.05994,1.91857,1.0238,0.000668375,0.000668375,0.000668375
49,214.671,0.72264,0.23716,0.41167,0.74441,0.9965,0.57421,0.60379,0.68256,0.50684,0.49947,0.62285,0.63436,0.43823,0.79721,1.12484,0.06038,1.71987,1.0376,0.000656,0.000656,0.000656
50,218.947,0.71684,0.21635,0.39325,0.74909,0.98552,0.57215,0.83083,0.81148,0.60327,0.58845,0.80322,0.80639,0.67683,0.84985,0.5574,0.05154,1.31208,1.0476,0.000643625,0.000643625,0.000643625
51,223.222,0.7052,0.19258,0.38478,0.69176,0.97327,0.68209,0.80731,0.89731,0.67469,0.68209,0.80731,0.89731,0.76605,0.81494,0.48379,0.03945,1.23559,1.00897,0.00063125,0.00063125,0.00063125
52,227.499,0.67897,0.19952,0.37188,0.72809,0.97114,0.62175,0.84271,0.82762,0.63599,0.62175,0.84271,0.82796,0.70209,0.81146,0.47584,0.04864,1.44974,1.0089,0.000618875,0.000618875,0.000618875
53,231.757,0.67989,0.2132,0.37069,0.68071,0.97293,0.7125,0.92508,0.91694,0.70513,0.7125,0.92508,0.91694,0.86015,0.82311,0.26401,0.0616,1.01157,1.00288,0.0006065,0.0006065,0.0006065
54,236.071,0.66616,0.19968,0.33801,0.65144,0.9538,0.86815,0.92876,0.96158,0.77407,0.86815,0.92876,0.96158,0.87396,0.76266,0.35068,0.04521,0.76633,0.95991,0.000594125,0.000594125,0.000594125
55,240.373,0.69587,0.21478,0.35171,0.66282,0.97461,0.89453,0.96379,0.9603,0.77788,0.89453,0.96379,0.9603,0.82458,0.7721,0.51128,0.03918,0.68122,0.96928,0.00058175,0.00058175,0.00058175
56,244.651,0.69707,0.18407,0.3526,0.67412,0.96417,0.86593,0.95,0.95622,0.771,0.86593,0.95,0.95622,0.85992,0.8036,0.39123,0.0481,0.67108,0.97463,0.000569375,0.000569375,0.000569375
57,248.903,0.71963,0.18518,0.37223,0.66328,0.97083,0.89927,0.88415,0.94467,0.75922,0.89927,0.88415,0.94467,0.88614,0.82808,0.27239,0.04981,0.72537,0.97825,0.000557,0.000557,0.000557
58,253.162,0.70426,0.14882,0.36553,0.6711,0.97407,0.96118,0.94303,0.96738,0.77637,0.96118,0.94303,0.96738,0.92685,0.79654,0.22314,0.05113,0.65043,0.95667,0.000544625,0.000544625,0.000544625
59,257.421,0.68777,0.18291,0.37147,0.66199,0.96981,0.9143,0.9353,0.95942,0.78506,0.9143,0.9353,0.95942,0.91242,0.77309,0.26482,0.05163,0.67769,0.95458,0.00053225,0.00053225,0.00053225
60,261.648,0.65847,0.18933,0.36454,0.66769,0.96991,0.93001,0.96115,0.96613,0.78198,0.93001,0.96115,0.96613,0.92076,0.74081,0.25376,0.06258,0.60771,0.9502,0.000519875,0.000519875,0.000519875
61,265.863,0.64923,0.18574,0.34969,0.62617,0.95449,0.93406,0.96566,0.96542,0.77679,0.93406,0.96566,0.96542,0.94232,0.80927,0.21172,0.09698,0.60493,0.98875,0.0005075,0.0005075,0.0005075
62,270.097,0.6545,0.16655,0.36464,0.60737,0.96337,0.95004,0.94727,0.96538,0.79519,0.95004,0.94727,0.96538,0.92576,0.76083,0.25006,0.13687,0.58358,0.95426,0.000495125,0.000495125,0.000495125
63,274.346,0.66822,0.17095,0.32779,0.60733,0.96334,0.91006,0.96987,0.96875,0.80629,0.91006,0.96987,0.96875,0.92835,0.74887,0.21672,0.10061,0.57251,0.95216,0.00048275,0.00048275,0.00048275
64,278.593,0.63544,0.16356,0.3357,0.58683,0.94743,0.92926,0.91414,0.9594,0.79515,0.92926,0.91414,0.9594,0.94183,0.77903,0.15827,0.06875,0.61327,0.96406,0.000470375,0.000470375,0.000470375
65,283.013,0.63002,0.16163,0.35191,0.58657,0.95891,0.90259,0.94939,0.96524,0.7818,0.90259,0.94939,0.96524,0.94711,0.7779,0.17248,0.0576,0.62887,0.97373,0.000458,0.000458,0.000458
66,287.45,0.62696,0.14873,0.34136,0.617,0.95444,0.87994,0.88034,0.94713,0.77104,0.87994,0.88034,0.94713,0.92419,0.78427,0.20751,0.06182,0.66339,0.96208,0.000445625,0.000445625,0.000445625
67,291.76,0.60898,0.1589,0.32794,0.56915,0.94235,0.79032,0.85418,0.87249,0.7221,0.79032,0.85418,0.87249,0.84857,0.77468,0.20681,0.07103,0.81938,0.95748,0.00043325,0.00043325,0.00043325
68,295.999,0.66081,0.13995,0.33214,0.60165,0.96777,0.69549,0.84998,0.83764,0.67763,0.69549,0.84998,0.83764,0.80709,0.79088,0.19516,0.09439,0.96291,0.96948,0.000420875,0.000420875,0.000420875
69,300.232,0.63189,0.13287,0.28775,0.56715,0.9254,0.70566,0.87329,0.841,0.68078,0.70566,0.87329,0.841,0.82958,0.76758,0.13173,0.06645,0.92133,0.96343,0.0004085,0.0004085,0.0004085
70,304.51,0.63114,0.14542,0.35373,0.56757,0.96162,0.7943,0.90776,0.8977,0.73442,0.7943,0.90776,0.8977,0.89034,0.74171,0.124,0.04628,0.73036,0.94666,0.000396125,0.000396125,0.000396125
71,308.819,0.62008,0.1542,0.3493,0.56089,0.94172,0.90129,0.93528,0.93458,0.75816,0.90129,0.93528,0.93458,0.93153,0.73172,0.11709,0.04467,0.59725,0.95019,0.00038375,0.00038375,0.00038375
72,313.082,0.60302,0.14764,0.32142,0.52731,0.92856,0.84379,0.94658,0.93818,0.78301,0.84379,0.94658,0.93818,0.9348,0.7283,0.1202,0.04828,0.58184,0.9454,0.000371375,0.000371375,0.000371375
73,317.327,0.57769,0.15458,0.31923,0.53414,0.92684,0.88174,0.89644,0.9232,0.7683,0.88174,0.89644,0.9232,0.9177,0.7415,0.11946,0.04728,0.59253,0.94312,0.000359,0.000359,0.000359
74,321.59,0.55276,0.13291,0.32492,0.52542,0.92548,0.91131,0.9286,0.93812,0.78515,0.91131,0.9286,0.93812,0.93076,0.7169,0.10737,0.05056,0.55563,0.92756,0.000346625,0.000346625,0.000346625
75,325.835,0.54534,0.15849,0.30303,0.52531,0.93515,0.93324,0.93802,0.95616,0.79377,0.93324,0.93802,0.95616,0.94197,0.73201,0.11136,0.06392,0.49981,0.93662,0.00033425,0.00033425,0.00033425
76,330.105,0.56956,0.1545,0.31197,0.5204,0.91285,0.95413,0.96741,0.98548,0.80278,0.95413,0.96741,0.98548,0.97285,0.77293,0.11167,0.06699,0.45487,0.96048,0.000321875,0.000321875,0.000321875
77,334.409,0.583,0.13201,0.31522,0.55622,0.94198,0.96582,0.96919,0.98923,0.81428,0.96582,0.96919,0.98923,0.97345,0.76147,0.11156,0.06166,0.45449,0.95749,0.0003095,0.0003095,0.0003095
78,338.712,0.54729,0.1308,0.28604,0.50992,0.9263,0.95594,0.96889,0.99083,0.81128,0.95594,0.96889,0.99083,0.97987,0.75603,0.1113,0.05848,0.45576,0.95266,0.000297125,0.000297125,0.000297125
79,342.983,0.55114,0.13014,0.30267,0.48717,0.91679,0.94604,0.96825,0.98896,0.80714,0.94604,0.96825,0.98896,0.97829,0.762,0.10962,0.05903,0.45954,0.95418,0.00028475,0.00028475,0.00028475
80,347.25,0.55687,0.13686,0.29428,0.51012,0.92244,0.96688,0.925,0.97792,0.81292,0.96688,0.925,0.97792,0.96813,0.76086,0.09881,0.05608,0.47931,0.95305,0.000272375,0.000272375,0.000272375
81,351.532,0.54392,0.12163,0.26852,0.50328,0.90598,0.95452,0.96475,0.98736,0.81871,0.95452,0.96475,0.98736,0.97738,0.75271,0.10208,0.05888,0.46753,0.94849,0.00026,0.00026,0.00026
82,355.822,0.58279,0.12228,0.293,0.50446,0.95193,0.96342,0.97266,0.98896,0.79973,0.96342,0.97266,0.98896,0.97511,0.76892,0.11268,0.06659,0.44488,0.96048,0.000247625,0.000247625,0.000247625
83,360.077,0.5601,0.12743,0.27993,0.50171,0.93618,0.96088,0.975,0.98598,0.80954,0.96088,0.975,0.98598,0.97208,0.76771,0.11458,0.07193,0.45724,0.95995,0.00023525,0.00023525,0.00023525
84,364.346,0.54582,0.12837,0.27518,0.4945,0.91294,0.94243,0.92955,0.98292,0.8084,0.94243,0.92955,0.98292,0.97529,0.76024,0.11124,0.06587,0.47602,0.95816,0.000222875,0.000222875,0.000222875
85,368.555,0.54962,0.12795,0.29907,0.50896,0.92445,0.94915,0.95659,0.98187,0.80498,0.94915,0.95659,0.98187,0.97182,0.76358,0.11035,0.06322,0.45968,0.96426,0.0002105,0.0002105,0.0002105
86,372.771,0.53655,0.12172,0.26375,0.47954,0.89988,0.98929,0.96931,0.99083,0.80575,0.98929,0.96931,0.99083,0.98118,0.76927,0.10453,0.06006,0.45447,0.96513,0.000198125,0.000198125,0.000198125
87,377.036,0.5722,0.12908,0.28617,0.50039,0.94284,0.9449,0.99212,0.99045,0.81565,0.9449,0.99212,0.99045,0.98392,0.77178,0.09833,0.06454,0.44685,0.96277,0.00018575,0.00018575,0.00018575
88,381.312,0.52464,0.11828,0.27971,0.47584,0.90814,0.95731,1,0.99045,0.81062,0.95731,1,0.99045,0.97798,0.77053,0.10732,0.08048,0.43203,0.96091,0.000173375,0.000173375,0.000173375
89,385.574,0.52572,0.11517,0.2521,0.47222,0.91542,0.98752,0.98,0.995,0.80603,0.98752,0.98,0.995,0.98329,0.76945,0.11388,0.08784,0.4209,0.9573,0.000161,0.000161,0.000161
90,389.836,0.51408,0.12448,0.26711,0.47525,0.92258,0.98376,0.97093,0.99273,0.80842,0.98376,0.97093,0.99273,0.98281,0.77426,0.1188,0.0865,0.42132,0.95706,0.000148625,0.000148625,0.000148625
91,397.668,0.41814,0.11131,0.11775,0.44388,0.86386,0.9514,0.99488,0.995,0.79494,0.9514,0.99488,0.995,0.98464,0.79137,0.12118,0.08396,0.44614,0.97343,0.00013625,0.00013625,0.00013625
92,402.141,0.43892,0.11411,0.09975,0.43211,0.8502,0.94445,0.99571,0.995,0.79561,0.94445,0.99571,0.995,0.97765,0.79497,0.12928,0.07953,0.46108,0.98079,0.000123875,0.000123875,0.000123875
93,406.418,0.42342,0.0942,0.10589,0.41109,0.85736,0.93183,1,0.995,0.80613,0.93183,1,0.995,0.97657,0.7747,0.14159,0.07863,0.46563,0.96663,0.0001115,0.0001115,0.0001115
94,410.633,0.38643,0.09456,0.10689,0.39321,0.83642,0.97623,0.95336,0.995,0.80132,0.97623,0.95336,0.995,0.97606,0.76421,0.14647,0.08014,0.46958,0.9605,9.9125e-05,9.9125e-05,9.9125e-05
95,414.849,0.39825,0.07448,0.0856,0.38789,0.85866,0.99143,0.95568,0.995,0.80499,0.99143,0.95568,0.995,0.97664,0.77006,0.14754,0.08312,0.46752,0.96539,8.675e-05,8.675e-05,8.675e-05
96,419.064,0.38781,0.09219,0.10071,0.37218,0.84753,0.98979,0.95817,0.995,0.80739,0.98979,0.95817,0.995,0.97459,0.77986,0.14594,0.08827,0.45587,0.97431,7.4375e-05,7.4375e-05,7.4375e-05
97,423.252,0.39392,0.07464,0.11134,0.37293,0.84528,0.99015,0.96023,0.995,0.80401,0.99015,0.96023,0.995,0.96687,0.77653,0.13944,0.08679,0.43959,0.97241,6.2e-05,6.2e-05,6.2e-05
98,427.428,0.39319,0.07534,0.0842,0.37502,0.83814,0.99096,0.95953,0.995,0.80813,0.99096,0.95953,0.995,0.97188,0.76276,0.13481,0.08377,0.43012,0.96198,4.9625e-05,4.9625e-05,4.9625e-05
99,431.624,0.37119,0.07759,0.08606,0.34867,0.83911,0.99191,0.95818,0.995,0.81545,0.99191,0.95818,0.995,0.9794,0.75313,0.12735,0.07786,0.42534,0.95342,3.725e-05,3.725e-05,3.725e-05
100,435.835,0.37155,0.07845,0.08817,0.352,0.84551,0.99286,0.95723,0.995,0.81366,0.99286,0.95723,0.995,0.9794,0.7514,0.12119,0.07262,0.42468,0.95153,2.4875e-05,2.4875e-05,2.4875e-05
